2025-10-10_16-38-45,None,draft.py:2025-10-10_16-38-45
2025-10-12_23-35-47,None,draft.py:2025-10-10_16-38-45
2025-10-12_23-46-59,None,draft.py:2025-10-12_23-46-59
2025-10-12_23-48-43,None,draft.py:2025-10-12_23-48-43
2025-10-12_23-50-54,None,draft.py:2025-10-12_23-50-54
2025-10-12_23-54-43,None,draft.py:2025-10-12_23-54-43
2025-10-12_23-55-28,None,draft.py:2025-10-12_23-55-28
2025-10-12_23-57-31,None,draft.py:2025-10-12_23-57-31
2025-10-12_23-57-37,None,draft.py:2025-10-12_23-57-31
2025-10-12_23-59-44,None,draft.py:2025-10-12_23-59-44
